GO.ID,Term,Annotated,Significant,Expected,Rank in classicFisher,classicFisher,elimFisher,topgoFisher,parentchildFisher
GO:0006857,oligopeptide transport,7,3,0.05,1,1.5e-05,1.5e-05,1.5e-05,0.4167
GO:0007264,small GTPase mediated signal transductio...,137,6,1.05,4,0.00060,0.00060,0.00060,0.0069
GO:0001822,kidney development,6,2,0.05,5,0.00085,0.00085,0.00085,0.0117
GO:0006468,protein phosphorylation,497,11,3.82,8,0.00121,0.00360,0.00196,0.0078
GO:0007219,Notch signaling pathway,14,2,0.11,11,0.00498,0.00498,0.00498,0.0052
GO:0033151,V(D)J recombination,1,1,0.01,12,0.00768,0.00768,0.00768,1.0000
GO:0045737,positive regulation of cyclin-dependent ...,1,1,0.01,13,0.00768,0.00768,0.00768,0.0250
GO:0008152,metabolic process,4017,31,30.87,153,0.53969,0.90684,0.01271,0.5397
GO:0016255,attachment of GPI anchor to protein,5,1,0.04,34,0.03784,0.03784,0.03784,0.0674
